{
  "aggregation_strategy_3": {
    "accuracy": 0.9856892358165055,
    "precision": 0.982401072159131,
    "recall": 0.9907522674728793,
    "f1": 0.9865589969717898,
    "confusion_matrix": [
      [24423, 499],
      [260, 27855]
    ],
    "used_levels": {
      "whole": 52152,
      "sentence": 226,
      "sentence-fallback": 382,
      "paragraph": 277
    }
  },
  "individual_models": {
    "whole": {
      "accuracy": 0.9779776382525407,
      "precision": 0.967521426836462,
      "recall": 0.9917481771296461,
      "f1": 0.9794850177398391,
      "confusion_matrix": [
        [23986, 936],
        [232, 27883]
      ]
    },
    "paragraph": {
      "accuracy": 0.9742255406602938,
      "precision": 0.982711326066556,
      "recall": 0.9684154365996799,
      "f1": 0.9755110084018559,
      "confusion_matrix": [
        [24443, 479],
        [888, 27227]
      ]
    },
    "sentence": {
      "accuracy": 0.9806927239474329,
      "precision": 0.9804902273775319,
      "recall": 0.9831406722390184,
      "f1": 0.9818136610663162,
      "confusion_matrix": [
        [24372, 550],
        [474, 27641]
      ]
    }
  }
}
