{
  "weights": {
    "whole_prob": 4.5798176367028764,
    "par_prob": 2.827051314651519,
    "sen_prob": 3.5363086633997365
  },
  "bias": -5.653883402548502
}