{
  "whole_text": {
    "accuracy": 0.9779776382525407,
    "precision": 0.967521426836462,
    "recall": 0.9917481771296461,
    "f1": 0.9794850177398391,
    "confusion_matrix": [
      [
        23986,
        936
      ],
      [
        232,
        27883
      ]
    ]
  },
  "paragraph": {
    "accuracy": 0.9717555668684126,
    "precision": 0.989265100547774,
    "recall": 0.9571047483549706,
    "f1": 0.972919227709885,
    "confusion_matrix": [
      [
        24630,
        292
      ],
      [
        1206,
        26909
      ]
    ]
  },
  "sentence": {
    "accuracy": 0.9805230310915022,
    "precision": 0.9806545506176345,
    "recall": 0.9826427174106349,
    "f1": 0.9816476273384618,
    "confusion_matrix": [
      [
        24377,
        545
      ],
      [
        488,
        27627
      ]
    ]
  },
  "aggregation_strategy_1": {
    "accuracy": 0.9844636763014499,
    "precision": 0.9871131260486203,
    "recall": 0.9835319224613196,
    "f1": 0.9853192702394526,
    "confusion_matrix": [
      [
        24561,
        361
      ],
      [
        463,
        27652
      ]
    ]
  }
}