{
  "eval_loss": 0.220097154378891,
  "eval_accuracy": 0.972972972972973,
  "eval_precision_human": 0.9615384615384616,
  "eval_recall_human": 1.0,
  "eval_f1_human": 0.9803921568627451,
  "eval_precision_ai": 1.0,
  "eval_recall_ai": 0.9166666666666666,
  "eval_f1_ai": 0.9565217391304348,
  "eval_confusion_matrix": [
    [
      25,
      0
    ],
    [
      1,
      11
    ]
  ],
  "eval_runtime": 7.6494,
  "eval_samples_per_second": 4.837,
  "eval_steps_per_second": 0.654,
  "epoch": 2.0
}